,tags,url,name,state,created_at,description,end__step,end_coupling_video_pac_mask_land,end_final_nino_graph,end_coupling_video,end__runtime,end__timestamp,config_oc,config_atm,config_gcc,config_run,config_coup,config_name,config_test,config_user,config_atmos,config_notes,config_ocean,config_animate,config_project,config_gfortran,end_trend_pac,end_trend_nino1+2,end_mean_pac,end_mean_nino3,end_mean_nino1+2,end_trend_nino4,end_mean_nino4,end_it,end_trend_nino3.4,end_trend_nino3,end_ocean_run,end_mean_nino3.4
0,[],https://wandb.ai/sdat2/seager19/runs/28w09p06,cd_0.5,finished,2021-06-19T11:55:57,"cd_0.5
test",6.0,"{'_type': 'video-file', 'path': 'media/videos/coupling_video_pac_mask_land_6_e8559569.gif', 'sha256': 'e8559569d3be0321aedefbd9088852ec7f00ed7c098990043322a7ac4c2aab01', 'size': 951906}","{'_type': 'image-file', 'caption': 'Final Nino region anomalies over the 58 year trends', 'format': 'png', 'height': 992, 'path': 'media/images/final_nino_graph_6_6e839358.png', 'sha256': '6e839358d26b694dfb1a75884907a0168916a3514a88719fefd5fd44ac299cf2', 'size': 192927, 'width': 826}","{'_type': 'video-file', 'path': 'media/videos/coupling_video_6_ddf8be65.gif', 'sha256': 'ddf8be65cf373e5a235bf4b65b28f899108410e2b2b89985718fe7b345341d8f', 'size': 1147118}",12615.0,1624116370.0,"{'nummode': 2, 'boundaries': 'Periodic', 'wind_clim_file': 'tau-ECMWF-clim', 'wind_file': 'tau-ECMWF', 'dq_dtemp_file': 'dQdT-sample.nc', 'dq_df_file': 'dQdf-sample.nc', 'sst_file': 'sst-ECMWF-clim.nc', 'mask_file': 'om_mask.nc', 'time_test': '2 months', 'time_spin': '20 years', 'time_diag': '2 years', 'time_run2f': '58 years', 'hcut': 5, 'tcut': 14.6, 'f1prime': -0.006}","{'k_days': 10, 'e_frac': 2.0, 'prcp_land': 1, 'r': 0.8, 'h_q': 1800, 'wnsp_min': 4, 'rho_00': 0.3, 'pr_max': 0.0002314814814814815, 'relative_humidity': 0.8, 'number_iterations': 50, 'height_tropopause': 15000.0, 'theta_00': 300, 'nbsq': 0.0003, 'radius_earth': 6370000.0, 'pi': 3.141592653589793, 'stefan_boltzman_const': 5.67e-08, 'sec_in_day': 86400, 'gravity': 9.8, 'temp_0_c': 273.15, 'omega_2': 0.0001454441043328608, 'latent_heat_vap': 2500000.0, 'cp_air': 1000, 'b_coeff': 0.022805635559392575, 'eps_days': 0.75, 'eps': 1.54320987654321e-05, 'eps_u': '${atm.eps}', 'eps_v': 3.08641975308642e-05, 'newtonian_cooling_coeff_k1': 2.639541152707474e-08, 'eps_p': 1.6923189988150473e-10, 'beta': 2.2832669440009544e-11, 'rho_air': 1.225, 'emmisivity': 0.97, 'p_s': 1000, 'es_0': 6.11, 'delta_temp': 1.0, 'f2': 0.05, 'a_cloud_const': 0.6, 'f1_bar': 0.39, 'u_bar': 5.0, 'temp_surface_bar': '${atm.temp_0_c} + 25', 'c_e': 0.00125, 'c_bar': 0.6, 'qlh_coeff': 3828.125, 'qlw_coeff': 5.4998999999999995e-08, 'nx': 180, 'ny': 60, 'y_north_lim': 60, 'y_south_lim': -60.0, 'dx': 2.0, 'dy': 2.0}",gcc version 4.8.5 20150623 (Red Hat 4.8.5-44) (GCC) ,True,"{'c_d': 0.0005, 'rho_air': 1.225, 'iterations': 6}",cd_0.5,True,sdat2,True,test,"{'tcom_name': 'tcom', 'tios2cdf_name': 'tios2cdf', 'spin': True, 'diag': True, 'ingrid': True, 'run_through': True, 'animate_qflx': True}",True,seager19,gcc version 4.8.5 20150623 (Red Hat 4.8.5-44) (GCC) ,,,,,,,,,,,,
1,[],https://wandb.ai/sdat2/seager19/runs/3187qitr,cd_0.0,failed,2021-06-18T15:31:58,"cd_0.0
test",,,,,,,"{'nummode': 2, 'boundaries': 'Periodic', 'wind_clim_file': 'tau-ECMWF-clim', 'wind_file': 'tau-ECMWF', 'dq_dtemp_file': 'dQdT-sample.nc', 'dq_df_file': 'dQdf-sample.nc', 'sst_file': 'sst-ECMWF-clim.nc', 'mask_file': 'om_mask.nc', 'time_test': '2 months', 'time_spin': '20 years', 'time_diag': '2 years', 'time_run2f': '58 years', 'hcut': 5, 'tcut': 14.6, 'f1prime': -0.006}","{'k_days': 10, 'e_frac': 2.0, 'prcp_land': 1, 'r': 0.8, 'h_q': 1800, 'wnsp_min': 4, 'rho_00': 0.3, 'pr_max': 0.0002314814814814815, 'relative_humidity': 0.8, 'number_iterations': 50, 'height_tropopause': 15000.0, 'theta_00': 300, 'nbsq': 0.0003, 'radius_earth': 6370000.0, 'pi': 3.141592653589793, 'stefan_boltzman_const': 5.67e-08, 'sec_in_day': 86400, 'gravity': 9.8, 'temp_0_c': 273.15, 'omega_2': 0.0001454441043328608, 'latent_heat_vap': 2500000.0, 'cp_air': 1000, 'b_coeff': 0.022805635559392575, 'eps_days': 0.75, 'eps': 1.54320987654321e-05, 'eps_u': '${atm.eps}', 'eps_v': 3.08641975308642e-05, 'newtonian_cooling_coeff_k1': 2.639541152707474e-08, 'eps_p': 1.6923189988150473e-10, 'beta': 2.2832669440009544e-11, 'rho_air': 1.225, 'emmisivity': 0.97, 'p_s': 1000, 'es_0': 6.11, 'delta_temp': 1.0, 'f2': 0.05, 'a_cloud_const': 0.6, 'f1_bar': 0.39, 'u_bar': 5.0, 'temp_surface_bar': '${atm.temp_0_c} + 25', 'c_e': 0.00125, 'c_bar': 0.6, 'qlh_coeff': 3828.125, 'qlw_coeff': 5.4998999999999995e-08, 'nx': 180, 'ny': 60, 'y_north_lim': 60, 'y_south_lim': -60.0, 'dx': 2.0, 'dy': 2.0}",gcc version 4.8.5 20150623 (Red Hat 4.8.5-44) (GCC) ,True,"{'c_d': 0.0, 'rho_air': 1.225, 'iterations': 6}",cd_0.0,True,sdat2,True,test,"{'tcom_name': 'tcom', 'tios2cdf_name': 'tios2cdf', 'spin': True, 'diag': True, 'ingrid': True, 'run_through': True, 'animate_qflx': True}",True,seager19,gcc version 4.8.5 20150623 (Red Hat 4.8.5-44) (GCC) ,,,,,,,,,,,,
2,[],https://wandb.ai/sdat2/seager19/runs/2ts6f2rp,cd_3.5,failed,2021-06-18T15:19:13,"cd_3.5
test",,,,,,,"{'nummode': 2, 'boundaries': 'Periodic', 'wind_clim_file': 'tau-ECMWF-clim', 'wind_file': 'tau-ECMWF', 'dq_dtemp_file': 'dQdT-sample.nc', 'dq_df_file': 'dQdf-sample.nc', 'sst_file': 'sst-ECMWF-clim.nc', 'mask_file': 'om_mask.nc', 'time_test': '2 months', 'time_spin': '20 years', 'time_diag': '2 years', 'time_run2f': '58 years', 'hcut': 5, 'tcut': 14.6, 'f1prime': -0.006}","{'k_days': 10, 'e_frac': 2.0, 'prcp_land': 1, 'r': 0.8, 'h_q': 1800, 'wnsp_min': 4, 'rho_00': 0.3, 'pr_max': 0.0002314814814814815, 'relative_humidity': 0.8, 'number_iterations': 50, 'height_tropopause': 15000.0, 'theta_00': 300, 'nbsq': 0.0003, 'radius_earth': 6370000.0, 'pi': 3.141592653589793, 'stefan_boltzman_const': 5.67e-08, 'sec_in_day': 86400, 'gravity': 9.8, 'temp_0_c': 273.15, 'omega_2': 0.0001454441043328608, 'latent_heat_vap': 2500000.0, 'cp_air': 1000, 'b_coeff': 0.022805635559392575, 'eps_days': 0.75, 'eps': 1.54320987654321e-05, 'eps_u': '${atm.eps}', 'eps_v': 3.08641975308642e-05, 'newtonian_cooling_coeff_k1': 2.639541152707474e-08, 'eps_p': 1.6923189988150473e-10, 'beta': 2.2832669440009544e-11, 'rho_air': 1.225, 'emmisivity': 0.97, 'p_s': 1000, 'es_0': 6.11, 'delta_temp': 1.0, 'f2': 0.05, 'a_cloud_const': 0.6, 'f1_bar': 0.39, 'u_bar': 5.0, 'temp_surface_bar': '${atm.temp_0_c} + 25', 'c_e': 0.00125, 'c_bar': 0.6, 'qlh_coeff': 3828.125, 'qlw_coeff': 5.4998999999999995e-08, 'nx': 180, 'ny': 60, 'y_north_lim': 60, 'y_south_lim': -60.0, 'dx': 2.0, 'dy': 2.0}",gcc version 4.8.5 20150623 (Red Hat 4.8.5-44) (GCC) ,True,"{'c_d': 0.0035, 'rho_air': 1.225, 'iterations': 6}",cd_3.5,True,sdat2,True,test,"{'tcom_name': 'tcom', 'tios2cdf_name': 'tios2cdf', 'spin': True, 'diag': True, 'ingrid': True, 'run_through': True, 'animate_qflx': True}",True,seager19,gcc version 4.8.5 20150623 (Red Hat 4.8.5-44) (GCC) ,,,,,,,,,,,,
3,[],https://wandb.ai/sdat2/seager19/runs/vf5mt15q,cd_2.25,finished,2021-06-18T07:14:15,"cd_2.25
test",5.0,,,,5034.0,1624005487.0,"{'nummode': 2, 'boundaries': 'Periodic', 'wind_clim_file': 'tau-ECMWF-clim', 'wind_file': 'tau-ECMWF', 'dq_dtemp_file': 'dQdT-sample.nc', 'dq_df_file': 'dQdf-sample.nc', 'sst_file': 'sst-ECMWF-clim.nc', 'mask_file': 'om_mask.nc', 'time_test': '2 months', 'time_spin': '20 years', 'time_diag': '2 years', 'time_run2f': '58 years', 'hcut': 5, 'tcut': 14.6, 'f1prime': -0.006}","{'k_days': 10, 'e_frac': 2.0, 'prcp_land': 1, 'r': 0.8, 'h_q': 1800, 'wnsp_min': 4, 'rho_00': 0.3, 'pr_max': 0.0002314814814814815, 'relative_humidity': 0.8, 'number_iterations': 50, 'height_tropopause': 15000.0, 'theta_00': 300, 'nbsq': 0.0003, 'radius_earth': 6370000.0, 'pi': 3.141592653589793, 'stefan_boltzman_const': 5.67e-08, 'sec_in_day': 86400, 'gravity': 9.8, 'temp_0_c': 273.15, 'omega_2': 0.0001454441043328608, 'latent_heat_vap': 2500000.0, 'cp_air': 1000, 'b_coeff': 0.022805635559392575, 'eps_days': 0.75, 'eps': 1.54320987654321e-05, 'eps_u': '${atm.eps}', 'eps_v': 3.08641975308642e-05, 'newtonian_cooling_coeff_k1': 2.639541152707474e-08, 'eps_p': 1.6923189988150473e-10, 'beta': 2.2832669440009544e-11, 'rho_air': 1.225, 'emmisivity': 0.97, 'p_s': 1000, 'es_0': 6.11, 'delta_temp': 1.0, 'f2': 0.05, 'a_cloud_const': 0.6, 'f1_bar': 0.39, 'u_bar': 5.0, 'temp_surface_bar': '${atm.temp_0_c} + 25', 'c_e': 0.00125, 'c_bar': 0.6, 'qlh_coeff': 3828.125, 'qlw_coeff': 5.4998999999999995e-08, 'nx': 180, 'ny': 60, 'y_north_lim': 60, 'y_south_lim': -60.0, 'dx': 2.0, 'dy': 2.0}",gcc version 4.8.5 20150623 (Red Hat 4.8.5-44) (GCC) ,True,"{'c_d': 0.00225, 'rho_air': 1.225, 'iterations': 6}",cd_2.25,True,sdat2,True,test,"{'tcom_name': 'tcom', 'tios2cdf_name': 'tios2cdf', 'spin': True, 'diag': True, 'ingrid': True, 'run_through': True, 'animate_qflx': True}",True,seager19,gcc version 4.8.5 20150623 (Red Hat 4.8.5-44) (GCC) ,0.5580516829644809,0.5453794807411828,26.249826431274414,25.918081283569336,23.804113388061523,0.5123522966569565,28.672258377075195,5.0,0.2729209700133044,0.2521106268861409,609.0203050472774,27.049663543701172
4,[],https://wandb.ai/sdat2/seager19/runs/suszf2cj,cd_2.5,finished,2021-06-17T19:38:34,"cd_2.5
test",5.0,,,,5024.0,1623963736.0,"{'nummode': 2, 'boundaries': 'Periodic', 'wind_clim_file': 'tau-ECMWF-clim', 'wind_file': 'tau-ECMWF', 'dq_dtemp_file': 'dQdT-sample.nc', 'dq_df_file': 'dQdf-sample.nc', 'sst_file': 'sst-ECMWF-clim.nc', 'mask_file': 'om_mask.nc', 'time_test': '2 months', 'time_spin': '20 years', 'time_diag': '2 years', 'time_run2f': '58 years', 'hcut': 5, 'tcut': 14.6, 'f1prime': -0.006}","{'k_days': 10, 'e_frac': 2.0, 'prcp_land': 1, 'r': 0.8, 'h_q': 1800, 'wnsp_min': 4, 'rho_00': 0.3, 'pr_max': 0.0002314814814814815, 'relative_humidity': 0.8, 'number_iterations': 50, 'height_tropopause': 15000.0, 'theta_00': 300, 'nbsq': 0.0003, 'radius_earth': 6370000.0, 'pi': 3.141592653589793, 'stefan_boltzman_const': 5.67e-08, 'sec_in_day': 86400, 'gravity': 9.8, 'temp_0_c': 273.15, 'omega_2': 0.0001454441043328608, 'latent_heat_vap': 2500000.0, 'cp_air': 1000, 'b_coeff': 0.022805635559392575, 'eps_days': 0.75, 'eps': 1.54320987654321e-05, 'eps_u': '${atm.eps}', 'eps_v': 3.08641975308642e-05, 'newtonian_cooling_coeff_k1': 2.639541152707474e-08, 'eps_p': 1.6923189988150473e-10, 'beta': 2.2832669440009544e-11, 'rho_air': 1.225, 'emmisivity': 0.97, 'p_s': 1000, 'es_0': 6.11, 'delta_temp': 1.0, 'f2': 0.05, 'a_cloud_const': 0.6, 'f1_bar': 0.39, 'u_bar': 5.0, 'temp_surface_bar': '${atm.temp_0_c} + 25', 'c_e': 0.00125, 'c_bar': 0.6, 'qlh_coeff': 3828.125, 'qlw_coeff': 5.4998999999999995e-08, 'nx': 180, 'ny': 60, 'y_north_lim': 60, 'y_south_lim': -60.0, 'dx': 2.0, 'dy': 2.0}",gcc version 4.8.5 20150623 (Red Hat 4.8.5-44) (GCC) ,True,"{'c_d': 0.0025, 'rho_air': 1.225, 'iterations': 6}",cd_2.5,True,sdat2,True,test,"{'tcom_name': 'tcom', 'tios2cdf_name': 'tios2cdf', 'spin': True, 'diag': True, 'ingrid': True, 'run_through': True, 'animate_qflx': True}",True,seager19,gcc version 4.8.5 20150623 (Red Hat 4.8.5-44) (GCC) ,0.5559175714976959,0.5507694146148672,26.24849510192871,25.903514862060547,23.798009872436523,0.503705393415408,28.668148040771484,5.0,0.24547950357018788,0.22481088218810624,612.3977813599631,27.038047790527344
5,[],https://wandb.ai/sdat2/seager19/runs/3jcljvx5,cd_3.0,finished,2021-06-17T19:26:54,"cd_3.0
test",5.0,,,,4992.0,1623963004.0,"{'nummode': 2, 'boundaries': 'Periodic', 'wind_clim_file': 'tau-ECMWF-clim', 'wind_file': 'tau-ECMWF', 'dq_dtemp_file': 'dQdT-sample.nc', 'dq_df_file': 'dQdf-sample.nc', 'sst_file': 'sst-ECMWF-clim.nc', 'mask_file': 'om_mask.nc', 'time_test': '2 months', 'time_spin': '20 years', 'time_diag': '2 years', 'time_run2f': '58 years', 'hcut': 5, 'tcut': 14.6, 'f1prime': -0.006}","{'k_days': 10, 'e_frac': 2.0, 'prcp_land': 1, 'r': 0.8, 'h_q': 1800, 'wnsp_min': 4, 'rho_00': 0.3, 'pr_max': 0.0002314814814814815, 'relative_humidity': 0.8, 'number_iterations': 50, 'height_tropopause': 15000.0, 'theta_00': 300, 'nbsq': 0.0003, 'radius_earth': 6370000.0, 'pi': 3.141592653589793, 'stefan_boltzman_const': 5.67e-08, 'sec_in_day': 86400, 'gravity': 9.8, 'temp_0_c': 273.15, 'omega_2': 0.0001454441043328608, 'latent_heat_vap': 2500000.0, 'cp_air': 1000, 'b_coeff': 0.022805635559392575, 'eps_days': 0.75, 'eps': 1.54320987654321e-05, 'eps_u': '${atm.eps}', 'eps_v': 3.08641975308642e-05, 'newtonian_cooling_coeff_k1': 2.639541152707474e-08, 'eps_p': 1.6923189988150473e-10, 'beta': 2.2832669440009544e-11, 'rho_air': 1.225, 'emmisivity': 0.97, 'p_s': 1000, 'es_0': 6.11, 'delta_temp': 1.0, 'f2': 0.05, 'a_cloud_const': 0.6, 'f1_bar': 0.39, 'u_bar': 5.0, 'temp_surface_bar': '${atm.temp_0_c} + 25', 'c_e': 0.00125, 'c_bar': 0.6, 'qlh_coeff': 3828.125, 'qlw_coeff': 5.4998999999999995e-08, 'nx': 180, 'ny': 60, 'y_north_lim': 60, 'y_south_lim': -60.0, 'dx': 2.0, 'dy': 2.0}",gcc version 4.8.5 20150623 (Red Hat 4.8.5-44) (GCC) ,True,"{'c_d': 0.003, 'rho_air': 1.225, 'iterations': 6}",cd_3.0,True,sdat2,True,test,"{'tcom_name': 'tcom', 'tios2cdf_name': 'tios2cdf', 'spin': True, 'diag': True, 'ingrid': True, 'run_through': True, 'animate_qflx': True}",True,seager19,gcc version 4.8.5 20150623 (Red Hat 4.8.5-44) (GCC) ,0.5519051545100165,0.5704297428245764,26.24589729309082,25.875045776367188,23.78911018371582,0.48428514860556615,28.659069061279297,5.0,0.18831567752510628,0.17284660408960298,600.0257322420366,27.014034271240234
6,[],https://wandb.ai/sdat2/seager19/runs/176yerzi,cd_1.0,finished,2021-06-17T16:42:18,"cd_1.0
test",5.0,,,,4989.0,1623953125.0,"{'nummode': 2, 'boundaries': 'Periodic', 'wind_clim_file': 'tau-ECMWF-clim', 'wind_file': 'tau-ECMWF', 'dq_dtemp_file': 'dQdT-sample.nc', 'dq_df_file': 'dQdf-sample.nc', 'sst_file': 'sst-ECMWF-clim.nc', 'mask_file': 'om_mask.nc', 'time_test': '2 months', 'time_spin': '20 years', 'time_diag': '2 years', 'time_run2f': '58 years', 'hcut': 5, 'tcut': 14.6, 'f1prime': -0.006}","{'k_days': 10, 'e_frac': 2.0, 'prcp_land': 1, 'r': 0.8, 'h_q': 1800, 'wnsp_min': 4, 'rho_00': 0.3, 'pr_max': 0.0002314814814814815, 'relative_humidity': 0.8, 'number_iterations': 50, 'height_tropopause': 15000.0, 'theta_00': 300, 'nbsq': 0.0003, 'radius_earth': 6370000.0, 'pi': 3.141592653589793, 'stefan_boltzman_const': 5.67e-08, 'sec_in_day': 86400, 'gravity': 9.8, 'temp_0_c': 273.15, 'omega_2': 0.0001454441043328608, 'latent_heat_vap': 2500000.0, 'cp_air': 1000, 'b_coeff': 0.022805635559392575, 'eps_days': 0.75, 'eps': 1.54320987654321e-05, 'eps_u': '${atm.eps}', 'eps_v': 3.08641975308642e-05, 'newtonian_cooling_coeff_k1': 2.639541152707474e-08, 'eps_p': 1.6923189988150473e-10, 'beta': 2.2832669440009544e-11, 'rho_air': 1.225, 'emmisivity': 0.97, 'p_s': 1000, 'es_0': 6.11, 'delta_temp': 1.0, 'f2': 0.05, 'a_cloud_const': 0.6, 'f1_bar': 0.39, 'u_bar': 5.0, 'temp_surface_bar': '${atm.temp_0_c} + 25', 'c_e': 0.00125, 'c_bar': 0.6, 'qlh_coeff': 3828.125, 'qlw_coeff': 5.4998999999999995e-08, 'nx': 180, 'ny': 60, 'y_north_lim': 60, 'y_south_lim': -60.0, 'dx': 2.0, 'dy': 2.0}",gcc version 4.8.5 20150623 (Red Hat 4.8.5-44) (GCC) ,True,"{'c_d': 0.001, 'rho_air': 1.225, 'iterations': 6}",cd_1.0,True,sdat2,True,test,"{'tcom_name': 'tcom', 'tios2cdf_name': 'tios2cdf', 'spin': True, 'diag': True, 'ingrid': True, 'run_through': True, 'animate_qflx': True}",True,seager19,gcc version 4.8.5 20150623 (Red Hat 4.8.5-44) (GCC) ,0.5700555792887413,0.570144226870417,26.256671905517578,25.992216110229492,23.85087013244629,0.545194410723348,28.688329696655273,5.0,0.39233231521853335,0.39987630762500753,610.7030859678052,27.10097312927246
7,[],https://wandb.ai/sdat2/seager19/runs/184vohdn,cd_2.0,finished,2021-06-17T16:41:05,"cd_2.0
test",5.0,,,,5079.0,1623953143.0,"{'nummode': 2, 'boundaries': 'Periodic', 'wind_clim_file': 'tau-ECMWF-clim', 'wind_file': 'tau-ECMWF', 'dq_dtemp_file': 'dQdT-sample.nc', 'dq_df_file': 'dQdf-sample.nc', 'sst_file': 'sst-ECMWF-clim.nc', 'mask_file': 'om_mask.nc', 'time_test': '2 months', 'time_spin': '20 years', 'time_diag': '2 years', 'time_run2f': '58 years', 'hcut': 5, 'tcut': 14.6, 'f1prime': -0.006}","{'k_days': 10, 'e_frac': 2.0, 'prcp_land': 1, 'r': 0.8, 'h_q': 1800, 'wnsp_min': 4, 'rho_00': 0.3, 'pr_max': 0.0002314814814814815, 'relative_humidity': 0.8, 'number_iterations': 50, 'height_tropopause': 15000.0, 'theta_00': 300, 'nbsq': 0.0003, 'radius_earth': 6370000.0, 'pi': 3.141592653589793, 'stefan_boltzman_const': 5.67e-08, 'sec_in_day': 86400, 'gravity': 9.8, 'temp_0_c': 273.15, 'omega_2': 0.0001454441043328608, 'latent_heat_vap': 2500000.0, 'cp_air': 1000, 'b_coeff': 0.022805635559392575, 'eps_days': 0.75, 'eps': 1.54320987654321e-05, 'eps_u': '${atm.eps}', 'eps_v': 3.08641975308642e-05, 'newtonian_cooling_coeff_k1': 2.639541152707474e-08, 'eps_p': 1.6923189988150473e-10, 'beta': 2.2832669440009544e-11, 'rho_air': 1.225, 'emmisivity': 0.97, 'p_s': 1000, 'es_0': 6.11, 'delta_temp': 1.0, 'f2': 0.05, 'a_cloud_const': 0.6, 'f1_bar': 0.39, 'u_bar': 5.0, 'temp_surface_bar': '${atm.temp_0_c} + 25', 'c_e': 0.00125, 'c_bar': 0.6, 'qlh_coeff': 3828.125, 'qlw_coeff': 5.4998999999999995e-08, 'nx': 180, 'ny': 60, 'y_north_lim': 60, 'y_south_lim': -60.0, 'dx': 2.0, 'dy': 2.0}",gcc version 4.8.5 20150623 (Red Hat 4.8.5-44) (GCC) ,True,"{'c_d': 0.002, 'rho_air': 1.225, 'iterations': 6}",cd_2.0,True,sdat2,True,test,"{'tcom_name': 'tcom', 'tios2cdf_name': 'tios2cdf', 'spin': True, 'diag': True, 'ingrid': True, 'run_through': True, 'animate_qflx': True}",True,seager19,gcc version 4.8.5 20150623 (Red Hat 4.8.5-44) (GCC) ,0.5602746745668774,0.5432007468332049,26.251176834106445,25.932804107666016,23.81130599975586,0.5202848329854143,28.676069259643555,5.0,0.29934305643374515,0.28022298467290785,609.8037684338633,27.060903549194336
8,[],https://wandb.ai/sdat2/seager19/runs/1levxkju,cd_1.7,finished,2021-06-17T16:38:53,"cd_1.7
test",5.0,,,,4988.0,1623952919.0,"{'nummode': 2, 'boundaries': 'Periodic', 'wind_clim_file': 'tau-ECMWF-clim', 'wind_file': 'tau-ECMWF', 'dq_dtemp_file': 'dQdT-sample.nc', 'dq_df_file': 'dQdf-sample.nc', 'sst_file': 'sst-ECMWF-clim.nc', 'mask_file': 'om_mask.nc', 'time_test': '2 months', 'time_spin': '20 years', 'time_diag': '2 years', 'time_run2f': '58 years', 'hcut': 5, 'tcut': 14.6, 'f1prime': -0.006}","{'k_days': 10, 'e_frac': 2.0, 'prcp_land': 1, 'r': 0.8, 'h_q': 1800, 'wnsp_min': 4, 'rho_00': 0.3, 'pr_max': 0.0002314814814814815, 'relative_humidity': 0.8, 'number_iterations': 50, 'height_tropopause': 15000.0, 'theta_00': 300, 'nbsq': 0.0003, 'radius_earth': 6370000.0, 'pi': 3.141592653589793, 'stefan_boltzman_const': 5.67e-08, 'sec_in_day': 86400, 'gravity': 9.8, 'temp_0_c': 273.15, 'omega_2': 0.0001454441043328608, 'latent_heat_vap': 2500000.0, 'cp_air': 1000, 'b_coeff': 0.022805635559392575, 'eps_days': 0.75, 'eps': 1.54320987654321e-05, 'eps_u': '${atm.eps}', 'eps_v': 3.08641975308642e-05, 'newtonian_cooling_coeff_k1': 2.639541152707474e-08, 'eps_p': 1.6923189988150473e-10, 'beta': 2.2832669440009544e-11, 'rho_air': 1.225, 'emmisivity': 0.97, 'p_s': 1000, 'es_0': 6.11, 'delta_temp': 1.0, 'f2': 0.05, 'a_cloud_const': 0.6, 'f1_bar': 0.39, 'u_bar': 5.0, 'temp_surface_bar': '${atm.temp_0_c} + 25', 'c_e': 0.00125, 'c_bar': 0.6, 'qlh_coeff': 3828.125, 'qlw_coeff': 5.4998999999999995e-08, 'nx': 180, 'ny': 60, 'y_north_lim': 60, 'y_south_lim': -60.0, 'dx': 2.0, 'dy': 2.0}",gcc version 4.8.5 20150623 (Red Hat 4.8.5-44) (GCC) ,True,"{'c_d': 0.0017, 'rho_air': 1.225, 'iterations': 6}",cd_1.7,True,sdat2,True,test,"{'tcom_name': 'tcom', 'tios2cdf_name': 'tios2cdf', 'spin': True, 'diag': True, 'ingrid': True, 'run_through': True, 'animate_qflx': True}",True,seager19,gcc version 4.8.5 20150623 (Red Hat 4.8.5-44) (GCC) ,0.5630715388607165,0.5450050176422433,26.252819061279297,25.950641632080078,23.821369171142578,0.5288754387593663,28.68024253845215,5.0,0.3295066712562619,0.3151175602740521,607.7246383577585,27.073810577392578
9,[],https://wandb.ai/sdat2/seager19/runs/3a4idlie,cd_1.2,finished,2021-06-16T22:01:40,"cd_1.2
test",4.0,,,,10142.0,1623891036.0,"{'nummode': 2, 'boundaries': 'Periodic', 'wind_clim_file': 'tau-ECMWF-clim', 'wind_file': 'tau-ECMWF', 'dq_dtemp_file': 'dQdT-sample.nc', 'dq_df_file': 'dQdf-sample.nc', 'sst_file': 'sst-ECMWF-clim.nc', 'mask_file': 'om_mask.nc', 'time_test': '2 months', 'time_spin': '20 years', 'time_diag': '2 years', 'time_run2f': '58 years', 'hcut': 5, 'tcut': 14.6, 'f1prime': -0.006}","{'k_days': 10, 'e_frac': 2.0, 'prcp_land': 1, 'r': 0.8, 'h_q': 1800, 'wnsp_min': 4, 'rho_00': 0.3, 'pr_max': 0.0002314814814814815, 'relative_humidity': 0.8, 'number_iterations': 50, 'height_tropopause': 15000.0, 'theta_00': 300, 'nbsq': 0.0003, 'radius_earth': 6370000.0, 'pi': 3.141592653589793, 'stefan_boltzman_const': 5.67e-08, 'sec_in_day': 86400, 'gravity': 9.8, 'temp_0_c': 273.15, 'omega_2': 0.0001454441043328608, 'latent_heat_vap': 2500000.0, 'cp_air': 1000, 'b_coeff': 0.022805635559392575, 'eps_days': 0.75, 'eps': 1.54320987654321e-05, 'eps_u': '${atm.eps}', 'eps_v': 3.08641975308642e-05, 'newtonian_cooling_coeff_k1': 2.639541152707474e-08, 'eps_p': 1.6923189988150473e-10, 'beta': 2.2832669440009544e-11, 'rho_air': 1.225, 'emmisivity': 0.97, 'p_s': 1000, 'es_0': 6.11, 'delta_temp': 1.0, 'f2': 0.05, 'a_cloud_const': 0.6, 'f1_bar': 0.39, 'u_bar': 5.0, 'temp_surface_bar': '${atm.temp_0_c} + 25', 'c_e': 0.00125, 'c_bar': 0.6, 'qlh_coeff': 3828.125, 'qlw_coeff': 5.4998999999999995e-08, 'nx': 180, 'ny': 60, 'y_north_lim': 60, 'y_south_lim': -60.0, 'dx': 2.0, 'dy': 2.0}",gcc version 4.8.5 20150623 (Red Hat 4.8.5-44) (GCC) ,True,"{'c_d': 0.0012, 'rho_air': 1.225, 'iterations': 5}",cd_1.2,True,sdat2,True,test,"{'tcom_name': 'tcom', 'tios2cdf_name': 'tios2cdf', 'spin': True, 'diag': True, 'ingrid': True, 'run_through': True, 'animate_qflx': True}",True,seager19,gcc version 4.8.5 20150623 (Red Hat 4.8.5-44) (GCC) ,0.5680211536897951,0.5602428844347457,26.255571365356445,25.98031234741211,23.841772079467773,0.5413394799835963,28.68638801574707,4.0,0.37560309167681016,0.3751863319927986,1536.788786364952,27.093679428100586
10,[],https://wandb.ai/sdat2/seager19/runs/1vre85tn,cd_2.7,finished,2021-06-16T22:01:30,"cd_2.7
test",4.0,,,,10207.0,1623891095.0,"{'nummode': 2, 'boundaries': 'Periodic', 'wind_clim_file': 'tau-ECMWF-clim', 'wind_file': 'tau-ECMWF', 'dq_dtemp_file': 'dQdT-sample.nc', 'dq_df_file': 'dQdf-sample.nc', 'sst_file': 'sst-ECMWF-clim.nc', 'mask_file': 'om_mask.nc', 'time_test': '2 months', 'time_spin': '20 years', 'time_diag': '2 years', 'time_run2f': '58 years', 'hcut': 5, 'tcut': 14.6, 'f1prime': -0.006}","{'k_days': 10, 'e_frac': 2.0, 'prcp_land': 1, 'r': 0.8, 'h_q': 1800, 'wnsp_min': 4, 'rho_00': 0.3, 'pr_max': 0.0002314814814814815, 'relative_humidity': 0.8, 'number_iterations': 50, 'height_tropopause': 15000.0, 'theta_00': 300, 'nbsq': 0.0003, 'radius_earth': 6370000.0, 'pi': 3.141592653589793, 'stefan_boltzman_const': 5.67e-08, 'sec_in_day': 86400, 'gravity': 9.8, 'temp_0_c': 273.15, 'omega_2': 0.0001454441043328608, 'latent_heat_vap': 2500000.0, 'cp_air': 1000, 'b_coeff': 0.022805635559392575, 'eps_days': 0.75, 'eps': 1.54320987654321e-05, 'eps_u': '${atm.eps}', 'eps_v': 3.08641975308642e-05, 'newtonian_cooling_coeff_k1': 2.639541152707474e-08, 'eps_p': 1.6923189988150473e-10, 'beta': 2.2832669440009544e-11, 'rho_air': 1.225, 'emmisivity': 0.97, 'p_s': 1000, 'es_0': 6.11, 'delta_temp': 1.0, 'f2': 0.05, 'a_cloud_const': 0.6, 'f1_bar': 0.39, 'u_bar': 5.0, 'temp_surface_bar': '${atm.temp_0_c} + 25', 'c_e': 0.00125, 'c_bar': 0.6, 'qlh_coeff': 3828.125, 'qlw_coeff': 5.4998999999999995e-08, 'nx': 180, 'ny': 60, 'y_north_lim': 60, 'y_south_lim': -60.0, 'dx': 2.0, 'dy': 2.0}",gcc version 4.8.5 20150623 (Red Hat 4.8.5-44) (GCC) ,True,"{'c_d': 0.0027, 'rho_air': 1.225, 'iterations': 5}",cd_2.7,True,sdat2,True,test,"{'tcom_name': 'tcom', 'tios2cdf_name': 'tios2cdf', 'spin': True, 'diag': True, 'ingrid': True, 'run_through': True, 'animate_qflx': True}",True,seager19,gcc version 4.8.5 20150623 (Red Hat 4.8.5-44) (GCC) ,0.5543690804891361,0.5619189358804906,26.24738311767578,25.889904022216797,23.795024871826172,0.5009073596119442,28.666696548461914,4.0,0.22186236366979256,0.20015263961143293,1534.7772770980373,27.027667999267578
11,[],https://wandb.ai/sdat2/seager19/runs/3ke8yisi,cd_norm,finished,2021-06-16T18:34:06,"cd_norm
test",4.0,,,,9565.0,1623878008.0,"{'nummode': 2, 'boundaries': 'Periodic', 'wind_clim_file': 'tau-ECMWF-clim', 'wind_file': 'tau-ECMWF', 'dq_dtemp_file': 'dQdT-sample.nc', 'dq_df_file': 'dQdf-sample.nc', 'sst_file': 'sst-ECMWF-clim.nc', 'mask_file': 'om_mask.nc', 'time_test': '2 months', 'time_spin': '20 years', 'time_diag': '2 years', 'time_run2f': '58 years', 'hcut': 5, 'tcut': 14.6, 'f1prime': -0.006}","{'k_days': 10, 'e_frac': 2.0, 'prcp_land': 1, 'r': 0.8, 'h_q': 1800, 'wnsp_min': 4, 'rho_00': 0.3, 'pr_max': 0.0002314814814814815, 'relative_humidity': 0.8, 'number_iterations': 50, 'height_tropopause': 15000.0, 'theta_00': 300, 'nbsq': 0.0003, 'radius_earth': 6370000.0, 'pi': 3.141592653589793, 'stefan_boltzman_const': 5.67e-08, 'sec_in_day': 86400, 'gravity': 9.8, 'temp_0_c': 273.15, 'omega_2': 0.0001454441043328608, 'latent_heat_vap': 2500000.0, 'cp_air': 1000, 'b_coeff': 0.022805635559392575, 'eps_days': 0.75, 'eps': 1.54320987654321e-05, 'eps_u': '${atm.eps}', 'eps_v': 3.08641975308642e-05, 'newtonian_cooling_coeff_k1': 2.639541152707474e-08, 'eps_p': 1.6923189988150473e-10, 'beta': 2.2832669440009544e-11, 'rho_air': 1.225, 'emmisivity': 0.97, 'p_s': 1000, 'es_0': 6.11, 'delta_temp': 1.0, 'f2': 0.05, 'a_cloud_const': 0.6, 'f1_bar': 0.39, 'u_bar': 5.0, 'temp_surface_bar': '${atm.temp_0_c} + 25', 'c_e': 0.00125, 'c_bar': 0.6, 'qlh_coeff': 3828.125, 'qlw_coeff': 5.4998999999999995e-08, 'nx': 180, 'ny': 60, 'y_north_lim': 60, 'y_south_lim': -60.0, 'dx': 2.0, 'dy': 2.0}",gcc version 4.8.5 20150623 (Red Hat 4.8.5-44) (GCC) ,True,"{'c_d': 0.00225, 'rho_air': 1.225, 'iterations': 5}",cd_norm,True,sdat2,True,test,"{'tcom_name': 'tcom', 'tios2cdf_name': 'tios2cdf', 'spin': True, 'diag': True, 'ingrid': True, 'run_through': True, 'animate_qflx': True}",True,seager19,gcc version 4.8.5 20150623 (Red Hat 4.8.5-44) (GCC) ,0.558127858642583,0.5480962170837117,26.24980354309082,25.91699981689453,23.804832458496094,0.5151089639138375,28.673494338989258,4.0,0.27321376185553525,0.25029496060794215,1416.6142440719996,27.0495548248291
12,[],https://wandb.ai/sdat2/seager19/runs/2um7xc7h,cd_1.4,finished,2021-06-16T18:32:10,"cd_1.4
test",4.0,,,,9605.0,1623877932.0,"{'nummode': 2, 'boundaries': 'Periodic', 'wind_clim_file': 'tau-ECMWF-clim', 'wind_file': 'tau-ECMWF', 'dq_dtemp_file': 'dQdT-sample.nc', 'dq_df_file': 'dQdf-sample.nc', 'sst_file': 'sst-ECMWF-clim.nc', 'mask_file': 'om_mask.nc', 'time_test': '2 months', 'time_spin': '20 years', 'time_diag': '2 years', 'time_run2f': '58 years', 'hcut': 5, 'tcut': 14.6, 'f1prime': -0.006}","{'k_days': 10, 'e_frac': 2.0, 'prcp_land': 1, 'r': 0.8, 'h_q': 1800, 'wnsp_min': 4, 'rho_00': 0.3, 'pr_max': 0.0002314814814814815, 'relative_humidity': 0.8, 'number_iterations': 50, 'height_tropopause': 15000.0, 'theta_00': 300, 'nbsq': 0.0003, 'radius_earth': 6370000.0, 'pi': 3.141592653589793, 'stefan_boltzman_const': 5.67e-08, 'sec_in_day': 86400, 'gravity': 9.8, 'temp_0_c': 273.15, 'omega_2': 0.0001454441043328608, 'latent_heat_vap': 2500000.0, 'cp_air': 1000, 'b_coeff': 0.022805635559392575, 'eps_days': 0.75, 'eps': 1.54320987654321e-05, 'eps_u': '${atm.eps}', 'eps_v': 3.08641975308642e-05, 'newtonian_cooling_coeff_k1': 2.639541152707474e-08, 'eps_p': 1.6923189988150473e-10, 'beta': 2.2832669440009544e-11, 'rho_air': 1.225, 'emmisivity': 0.97, 'p_s': 1000, 'es_0': 6.11, 'delta_temp': 1.0, 'f2': 0.05, 'a_cloud_const': 0.6, 'f1_bar': 0.39, 'u_bar': 5.0, 'temp_surface_bar': '${atm.temp_0_c} + 25', 'c_e': 0.00125, 'c_bar': 0.6, 'qlh_coeff': 3828.125, 'qlw_coeff': 5.4998999999999995e-08, 'nx': 180, 'ny': 60, 'y_north_lim': 60, 'y_south_lim': -60.0, 'dx': 2.0, 'dy': 2.0}",gcc version 4.8.5 20150623 (Red Hat 4.8.5-44) (GCC) ,True,"{'c_d': 0.0014, 'rho_air': 1.225, 'iterations': 5}",cd_1.4,True,sdat2,True,test,"{'tcom_name': 'tcom', 'tios2cdf_name': 'tios2cdf', 'spin': True, 'diag': True, 'ingrid': True, 'run_through': True, 'animate_qflx': True}",True,seager19,gcc version 4.8.5 20150623 (Red Hat 4.8.5-44) (GCC) ,0.5660196713469247,0.5527055034601362,26.254467010498047,25.968351364135742,23.833236694335938,0.53703932178248,28.684240341186523,4.0,0.3579899903177476,0.3507101969655824,1408.5256369579583,27.08603858947754
13,[],https://wandb.ai/sdat2/seager19/runs/2kqh6y46,nummode_10_uncoupled_test,finished,2021-05-27T12:14:07,"nummode_10_uncoupled_test
test new atmos section",0.0,,,,6917.0,1622124559.0,"{'nummode': 10, 'boundaries': 'Periodic', 'wind_file': 'tau-ECMWF-clim', 'mask_file': 'om_mask.nc', 'time_test': '2 months', 'time_spin': '2 months', 'time_diag': '2 years', 'time_run2f': '58 years'}","{'k_days': 10, 'e_frac': 2.0, 'prcp_land': 1, 'r': 0.8, 'h_q': 1800, 'wnsp_min': 4, 'rho_00': 0.3, 'pr_max': 0.0002314814814814815, 'relative_humidity': 0.8, 'number_iterations': 50, 'height_tropopause': 15000.0, 'theta_00': 300, 'nbsq': 0.0003, 'radius_earth': 6370000.0, 'pi': 3.141592653589793, 'stefan_boltzman_const': 5.67e-08, 'sec_in_day': 86400, 'gravity': 9.8, 'temp_0_c': 273.15, 'omega_2': 0.0001454441043328608, 'latent_heat_vap': 2500000.0, 'cp_air': 1000, 'b_coeff': 0.022805635559392575, 'eps_days': 0.75, 'eps': 1.54320987654321e-05, 'eps_u': '${atm.eps}', 'eps_v': 3.08641975308642e-05, 'newtonian_cooling_coeff_k1': 2.639541152707474e-08, 'eps_p': 1.6923189988150473e-10, 'beta': 2.2832669440009544e-11, 'rho_air': 1.225, 'emmisivity': 0.97, 'p_s': 1000, 'es_0': 6.11, 'delta_temp': 1.0, 'f2': 0.05, 'a_cloud_const': 0.6, 'f1_bar': 0.39, 'u_bar': 5.0, 'temp_surface_bar': '${atm.temp_0_c} + 25', 'c_e': 0.00125, 'c_bar': 0.6, 'qlh_coeff': 3828.125, 'qlw_coeff': 5.4998999999999995e-08, 'nx': 180, 'ny': 60, 'y_north_lim': 60, 'y_south_lim': -60.0, 'dx': 2.0, 'dy': 2.0}",gcc version 4.8.5 20150623 (Red Hat 4.8.5-44) (GCC) ,True,"{'cd': 0.00225, 'rho_a': 1.225}",nummode_${oc.nummode}_uncoupled_test,True,sdat2,True,test new atmos section,"{'tcom_name': 'tcom', 'tios2cdf_name': 'tios2cdf', 'spin': True, 'diag': True, 'ingrid': True, 'run_through': True}",True,seager19,gcc version 4.8.5 20150623 (Red Hat 4.8.5-44) (GCC) ,,,,,,,,,,,5147.776633918984,
14,[],https://wandb.ai/sdat2/seager19/runs/ij6weaed,nummode_9_uncoupled_test,finished,2021-05-27T10:04:53,"nummode_9_uncoupled_test
test new atmos section",0.0,,,,6091.0,1622115979.0,"{'nummode': 9, 'boundaries': 'Periodic', 'wind_file': 'tau-ECMWF-clim', 'mask_file': 'om_mask.nc', 'time_test': '2 months', 'time_spin': '2 months', 'time_diag': '2 years', 'time_run2f': '58 years'}","{'k_days': 10, 'e_frac': 2.0, 'prcp_land': 1, 'r': 0.8, 'h_q': 1800, 'wnsp_min': 4, 'rho_00': 0.3, 'pr_max': 0.0002314814814814815, 'relative_humidity': 0.8, 'number_iterations': 50, 'height_tropopause': 15000.0, 'theta_00': 300, 'nbsq': 0.0003, 'radius_earth': 6370000.0, 'pi': 3.141592653589793, 'stefan_boltzman_const': 5.67e-08, 'sec_in_day': 86400, 'gravity': 9.8, 'temp_0_c': 273.15, 'omega_2': 0.0001454441043328608, 'latent_heat_vap': 2500000.0, 'cp_air': 1000, 'b_coeff': 0.022805635559392575, 'eps_days': 0.75, 'eps': 1.54320987654321e-05, 'eps_u': '${atm.eps}', 'eps_v': 3.08641975308642e-05, 'newtonian_cooling_coeff_k1': 2.639541152707474e-08, 'eps_p': 1.6923189988150473e-10, 'beta': 2.2832669440009544e-11, 'rho_air': 1.225, 'emmisivity': 0.97, 'p_s': 1000, 'es_0': 6.11, 'delta_temp': 1.0, 'f2': 0.05, 'a_cloud_const': 0.6, 'f1_bar': 0.39, 'u_bar': 5.0, 'temp_surface_bar': '${atm.temp_0_c} + 25', 'c_e': 0.00125, 'c_bar': 0.6, 'qlh_coeff': 3828.125, 'qlw_coeff': 5.4998999999999995e-08, 'nx': 180, 'ny': 60, 'y_north_lim': 60, 'y_south_lim': -60.0, 'dx': 2.0, 'dy': 2.0}",gcc version 4.8.5 20150623 (Red Hat 4.8.5-44) (GCC) ,True,"{'cd': 0.00225, 'rho_a': 1.225}",nummode_${oc.nummode}_uncoupled_test,True,sdat2,True,test new atmos section,"{'tcom_name': 'tcom', 'tios2cdf_name': 'tios2cdf', 'spin': True, 'diag': True, 'ingrid': True, 'run_through': True}",True,seager19,gcc version 4.8.5 20150623 (Red Hat 4.8.5-44) (GCC) ,,,,,,,,,,,4525.170610727044,
15,[],https://wandb.ai/sdat2/seager19/runs/2li2388k,nummode_8_uncoupled_test,finished,2021-05-26T20:13:58,"nummode_8_uncoupled_test
test new atmos section",0.0,,,,5246.0,1622065280.0,"{'nummode': 8, 'boundaries': 'Periodic', 'wind_file': 'tau-ECMWF-clim', 'mask_file': 'om_mask.nc', 'time_test': '2 months', 'time_spin': '2 months', 'time_diag': '2 years', 'time_run2f': '58 years'}","{'k_days': 10, 'efrac': 2.0, 'prcp_land': 1, 'wnspmin': 4, 'r': 0.8, 'h_q': 1800, 'wnsp_min': 4, 'rho_00': 0.3, 'pr_max': 0.0002314814814814815, 'relative_humidity': 0.8, 'number_iterations': 50, 'gravity': 9.8, 'height_tropopause': 15000.0, 'theta_00': 300, 'nbsq': 0.0003, 'radius_earth': 6370000.0, 'sec_in_day': 86400, 'pi': 3.141592653589793, 'omega_2': 0.0001454441043328608, 'latent_heat_vap': 2500000.0, 'cp_air': 1000, 'b_coeff': 0.022805635559392575, 'eps_days': 0.75, 'eps': 1.54320987654321e-05, 'eps_u': '${atm.eps}', 'e_frac': 0.5, 'eps_v': 7.71604938271605e-06, 'newtonian_cooling_coeff_k1': 2.639541152707474e-08, 'eps_p': 1.6923189988150473e-10, 'beta': 2.2832669440009544e-11, 'rho_air': 1.225, 'c_e': 0.00125, 'emmisivity': 0.97, 'stefan_boltzman_const': 5.67e-08, 'p_s': 1000, 'es_0': 6.11, 'delta_temp': 1.0, 'f2': 0.05, 'a_cloud_const': 0.6, 'temp_0_c': 273.15, 'f1_bar': 0.39, 'u_bar': 5.0, 'c_bar': 0.6, 'nx': 180, 'ny': 60, 'y_north_lim': 60, 'y_south_lim': '-${atm.y_north_lim}', 'dx': 2.0, 'dy': 2.0}",gcc version 4.8.5 20150623 (Red Hat 4.8.5-44) (GCC) ,True,"{'cd': 0.00225, 'rho_a': 1.225}",nummode_${oc.nummode}_uncoupled_test,True,sdat2,True,test new atmos section,"{'tcom_name': 'tcom', 'tios2cdf_name': 'tios2cdf', 'spin': True, 'diag': True, 'ingrid': True, 'run_through': True}",True,seager19,gcc version 4.8.5 20150623 (Red Hat 4.8.5-44) (GCC) ,,,,,,,,,,,3929.1209382149973,
16,[],https://wandb.ai/sdat2/seager19/runs/tgri66g5,nummode_7_uncoupled_test,finished,2021-05-26T18:31:51,"nummode_7_uncoupled_test
test new atmos section",0.0,,,,4656.0,1622058562.0,"{'nummode': 7, 'boundaries': 'Periodic', 'wind_file': 'tau-ECMWF-clim', 'mask_file': 'om_mask.nc', 'time_test': '2 months', 'time_spin': '2 months', 'time_diag': '2 years', 'time_run2f': '58 years'}","{'k_days': 10, 'efrac': 2.0, 'prcp_land': 1, 'wnspmin': 4, 'r': 0.8, 'h_q': 1800, 'wnsp_min': 4, 'rho_00': 0.3, 'pr_max': 0.0002314814814814815, 'relative_humidity': 0.8, 'number_iterations': 50, 'gravity': 9.8, 'height_tropopause': 15000.0, 'theta_00': 300, 'nbsq': 0.0003, 'radius_earth': 6370000.0, 'sec_in_day': 86400, 'pi': 3.141592653589793, 'omega_2': 0.0001454441043328608, 'latent_heat_vap': 2500000.0, 'cp_air': 1000, 'b_coeff': 0.022805635559392575, 'eps_days': 0.75, 'eps': 1.54320987654321e-05, 'eps_u': '${atm.eps}', 'e_frac': 0.5, 'eps_v': 7.71604938271605e-06, 'newtonian_cooling_coeff_k1': 2.639541152707474e-08, 'eps_p': 1.6923189988150473e-10, 'beta': 2.2832669440009544e-11, 'rho_air': 1.225, 'c_e': 0.00125, 'emmisivity': 0.97, 'stefan_boltzman_const': 5.67e-08, 'p_s': 1000, 'es_0': 6.11, 'delta_temp': 1.0, 'f2': 0.05, 'a_cloud_const': 0.6, 'temp_0_c': 273.15, 'f1_bar': 0.39, 'u_bar': 5.0, 'c_bar': 0.6, 'nx': 180, 'ny': 60, 'y_north_lim': 60, 'y_south_lim': '-${atm.y_north_lim}', 'dx': 2.0, 'dy': 2.0}",gcc version 4.8.5 20150623 (Red Hat 4.8.5-44) (GCC) ,True,"{'cd': 0.00225, 'rho_a': 1.225}",nummode_${oc.nummode}_uncoupled_test,True,sdat2,True,test new atmos section,"{'tcom_name': 'tcom', 'tios2cdf_name': 'tios2cdf', 'spin': True, 'diag': True, 'ingrid': True, 'run_through': True}",True,seager19,gcc version 4.8.5 20150623 (Red Hat 4.8.5-44) (GCC) ,,,,,,,,,,,3444.5727808910015,
17,[],https://wandb.ai/sdat2/seager19/runs/uvcizeca,nummode_6_uncoupled_test,finished,2021-05-26T16:48:17,"nummode_6_uncoupled_test
test new atmos section",0.0,,,,4747.0,1622052440.0,"{'nummode': 6, 'boundaries': 'Periodic', 'wind_file': 'tau-ECMWF-clim', 'mask_file': 'om_mask.nc', 'time_test': '2 months', 'time_spin': '2 months', 'time_diag': '2 years', 'time_run2f': '58 years'}","{'k_days': 10, 'efrac': 2.0, 'prcp_land': 1, 'wnspmin': 4, 'r': 0.8, 'h_q': 1800, 'wnsp_min': 4, 'rho_00': 0.3, 'pr_max': 0.0002314814814814815, 'relative_humidity': 0.8, 'number_iterations': 50, 'gravity': 9.8, 'height_tropopause': 15000.0, 'theta_00': 300, 'nbsq': 0.0003, 'radius_earth': 6370000.0, 'sec_in_day': 86400, 'pi': 3.141592653589793, 'omega_2': 0.0001454441043328608, 'latent_heat_vap': 2500000.0, 'cp_air': 1000, 'b_coeff': 0.022805635559392575, 'eps_days': 0.75, 'eps': 1.54320987654321e-05, 'eps_u': '${atm.eps}', 'e_frac': 0.5, 'eps_v': 7.71604938271605e-06, 'newtonian_cooling_coeff_k1': 2.639541152707474e-08, 'eps_p': 1.6923189988150473e-10, 'beta': 2.2832669440009544e-11, 'rho_air': 1.225, 'c_e': 0.00125, 'emmisivity': 0.97, 'stefan_boltzman_const': 5.67e-08, 'p_s': 1000, 'es_0': 6.11, 'delta_temp': 1.0, 'f2': 0.05, 'a_cloud_const': 0.6, 'temp_0_c': 273.15, 'f1_bar': 0.39, 'u_bar': 5.0, 'c_bar': 0.6, 'nx': 180, 'ny': 60, 'y_north_lim': 60, 'y_south_lim': '-${atm.y_north_lim}', 'dx': 2.0, 'dy': 2.0}",gcc version 4.8.5 20150623 (Red Hat 4.8.5-44) (GCC) ,True,"{'cd': 0.00225, 'rho_a': 1.225}",nummode_${oc.nummode}_uncoupled_test,True,sdat2,True,test new atmos section,"{'tcom_name': 'tcom', 'tios2cdf_name': 'tios2cdf', 'spin': True, 'diag': True, 'ingrid': True, 'run_through': True}",True,seager19,gcc version 4.8.5 20150623 (Red Hat 4.8.5-44) (GCC) ,,,,,,,,,,,3468.7198799189937,
18,[],https://wandb.ai/sdat2/seager19/runs/23p1xft9,nummode_5_uncoupled_test,crashed,2021-05-26T13:39:30,"nummode_5_uncoupled_test
test new atmos section",,,,,,,"{'nummode': 5, 'boundaries': 'Periodic', 'wind_file': 'tau-ECMWF-clim', 'mask_file': 'om_mask.nc', 'time_test': '2 months', 'time_spin': '2 months', 'time_diag': '2 years', 'time_run2f': '58 years'}","{'k_days': 10, 'efrac': 2.0, 'prcp_land': 1, 'wnspmin': 4, 'r': 0.8, 'h_q': 1800, 'wnsp_min': 4, 'rho_00': 0.3, 'pr_max': 0.0002314814814814815, 'relative_humidity': 0.8, 'number_iterations': 50, 'gravity': 9.8, 'height_tropopause': 15000.0, 'theta_00': 300, 'nbsq': 0.0003, 'radius_earth': 6370000.0, 'sec_in_day': 86400, 'pi': 3.141592653589793, 'omega_2': 0.0001454441043328608, 'latent_heat_vap': 2500000.0, 'cp_air': 1000, 'b_coeff': 0.022805635559392575, 'eps_days': 0.75, 'eps': 1.54320987654321e-05, 'eps_u': '${atm.eps}', 'e_frac': 0.5, 'eps_v': 7.71604938271605e-06, 'newtonian_cooling_coeff_k1': 2.639541152707474e-08, 'eps_p': 1.6923189988150473e-10, 'beta': 2.2832669440009544e-11, 'rho_air': 1.225, 'c_e': 0.00125, 'emmisivity': 0.97, 'stefan_boltzman_const': 5.67e-08, 'p_s': 1000, 'es_0': 6.11, 'delta_temp': 1.0, 'f2': 0.05, 'a_cloud_const': 0.6, 'temp_0_c': 273.15, 'f1_bar': 0.39, 'u_bar': 5.0, 'c_bar': 0.6, 'nx': 180, 'ny': 60, 'y_north_lim': 60, 'y_south_lim': '-${atm.y_north_lim}', 'dx': 2.0, 'dy': 2.0}",gcc version 4.8.5 20150623 (Red Hat 4.8.5-44) (GCC) ,True,"{'cd': 0.00225, 'rho_a': 1.225}",nummode_${oc.nummode}_uncoupled_test,True,sdat2,True,test new atmos section,"{'tcom_name': 'tcom', 'tios2cdf_name': 'tios2cdf', 'spin': True, 'diag': True, 'ingrid': True, 'run_through': True}",True,seager19,gcc version 4.8.5 20150623 (Red Hat 4.8.5-44) (GCC) ,,,,,,,,,,,,
19,[],https://wandb.ai/sdat2/seager19/runs/1yxbh6hx,nummode_4_uncoupled_test,finished,2021-05-26T12:15:09,"nummode_4_uncoupled_test
test new atmos section",0.0,,,,3389.0,1622034694.0,"{'nummode': 4, 'boundaries': 'Periodic', 'wind_file': 'tau-ECMWF-clim', 'mask_file': 'om_mask.nc', 'time_test': '2 months', 'time_spin': '2 months', 'time_diag': '2 years', 'time_run2f': '58 years'}","{'k_days': 10, 'efrac': 2.0, 'prcp_land': 1, 'wnspmin': 4, 'r': 0.8, 'h_q': 1800, 'wnsp_min': 4, 'rho_00': 0.3, 'pr_max': 0.0002314814814814815, 'relative_humidity': 0.8, 'number_iterations': 50, 'gravity': 9.8, 'height_tropopause': 15000.0, 'theta_00': 300, 'nbsq': 0.0003, 'radius_earth': 6370000.0, 'sec_in_day': 86400, 'pi': 3.141592653589793, 'omega_2': 0.0001454441043328608, 'latent_heat_vap': 2500000.0, 'cp_air': 1000, 'b_coeff': 0.022805635559392575, 'eps_days': 0.75, 'eps': 1.54320987654321e-05, 'eps_u': '${atm.eps}', 'e_frac': 0.5, 'eps_v': 7.71604938271605e-06, 'newtonian_cooling_coeff_k1': 2.639541152707474e-08, 'eps_p': 1.6923189988150473e-10, 'beta': 2.2832669440009544e-11, 'rho_air': 1.225, 'c_e': 0.00125, 'emmisivity': 0.97, 'stefan_boltzman_const': 5.67e-08, 'p_s': 1000, 'es_0': 6.11, 'delta_temp': 1.0, 'f2': 0.05, 'a_cloud_const': 0.6, 'temp_0_c': 273.15, 'f1_bar': 0.39, 'u_bar': 5.0, 'c_bar': 0.6, 'nx': 180, 'ny': 60, 'y_north_lim': 60, 'y_south_lim': '-${atm.y_north_lim}', 'dx': 2.0, 'dy': 2.0}",gcc version 4.8.5 20150623 (Red Hat 4.8.5-44) (GCC) ,True,"{'cd': 0.00225, 'rho_a': 1.225}",nummode_${oc.nummode}_uncoupled_test,True,sdat2,True,test new atmos section,"{'tcom_name': 'tcom', 'tios2cdf_name': 'tios2cdf', 'spin': True, 'diag': True, 'ingrid': True, 'run_through': True}",True,seager19,gcc version 4.8.5 20150623 (Red Hat 4.8.5-44) (GCC) ,,,,,,,,,,,2641.4500270090066,
20,[],https://wandb.ai/sdat2/seager19/runs/ktv69jq0,nummode_3_uncoupled_test,finished,2021-05-26T11:00:58,"nummode_3_uncoupled_test
test new atmos section",0.0,,,,2757.0,1622029610.0,"{'nummode': 3, 'boundaries': 'Periodic', 'wind_file': 'tau-ECMWF-clim', 'mask_file': 'om_mask.nc', 'time_test': '2 months', 'time_spin': '2 months', 'time_diag': '2 years', 'time_run2f': '58 years'}","{'k_days': 10, 'efrac': 2.0, 'prcp_land': 1, 'wnspmin': 4, 'r': 0.8, 'h_q': 1800, 'wnsp_min': 4, 'rho_00': 0.3, 'pr_max': 0.0002314814814814815, 'relative_humidity': 0.8, 'number_iterations': 50, 'gravity': 9.8, 'height_tropopause': 15000.0, 'theta_00': 300, 'nbsq': 0.0003, 'radius_earth': 6370000.0, 'sec_in_day': 86400, 'pi': 3.141592653589793, 'omega_2': 0.0001454441043328608, 'latent_heat_vap': 2500000.0, 'cp_air': 1000, 'b_coeff': 0.022805635559392575, 'eps_days': 0.75, 'eps': 1.54320987654321e-05, 'eps_u': '${atm.eps}', 'e_frac': 0.5, 'eps_v': 7.71604938271605e-06, 'newtonian_cooling_coeff_k1': 2.639541152707474e-08, 'eps_p': 1.6923189988150473e-10, 'beta': 2.2832669440009544e-11, 'rho_air': 1.225, 'c_e': 0.00125, 'emmisivity': 0.97, 'stefan_boltzman_const': 5.67e-08, 'p_s': 1000, 'es_0': 6.11, 'delta_temp': 1.0, 'f2': 0.05, 'a_cloud_const': 0.6, 'temp_0_c': 273.15, 'f1_bar': 0.39, 'u_bar': 5.0, 'c_bar': 0.6, 'nx': 180, 'ny': 60, 'y_north_lim': 60, 'y_south_lim': '-${atm.y_north_lim}', 'dx': 2.0, 'dy': 2.0}",gcc version 4.8.5 20150623 (Red Hat 4.8.5-44) (GCC) ,True,"{'cd': 0.00225, 'rho_a': 1.225}",nummode_${oc.nummode}_uncoupled_test,True,sdat2,True,test new atmos section,"{'tcom_name': 'tcom', 'tios2cdf_name': 'tios2cdf', 'spin': True, 'diag': True, 'ingrid': True, 'run_through': True}",True,seager19,gcc version 4.8.5 20150623 (Red Hat 4.8.5-44) (GCC) ,,,,,,,,,,,2098.2206076779985,
21,[],https://wandb.ai/sdat2/seager19/runs/2a81t6ek,nummode_2_uncoupled_test,finished,2021-05-26T09:55:42,"nummode_2_uncoupled_test
test new atmos section",0.0,,,,2177.0,1622025114.0,"{'nummode': 2, 'boundaries': 'Periodic', 'wind_file': 'tau-ECMWF-clim', 'mask_file': 'om_mask.nc', 'time_test': '2 months', 'time_spin': '2 months', 'time_diag': '2 years', 'time_run2f': '58 years'}","{'k_days': 10, 'efrac': 2.0, 'prcp_land': 1, 'wnspmin': 4, 'r': 0.8, 'h_q': 1800, 'wnsp_min': 4, 'rho_00': 0.3, 'pr_max': 0.0002314814814814815, 'relative_humidity': 0.8, 'number_iterations': 50, 'gravity': 9.8, 'height_tropopause': 15000.0, 'theta_00': 300, 'nbsq': 0.0003, 'radius_earth': 6370000.0, 'sec_in_day': 86400, 'pi': 3.141592653589793, 'omega_2': 0.0001454441043328608, 'latent_heat_vap': 2500000.0, 'cp_air': 1000, 'b_coeff': 0.022805635559392575, 'eps_days': 0.75, 'eps': 1.54320987654321e-05, 'eps_u': '${atm.eps}', 'e_frac': 0.5, 'eps_v': 7.71604938271605e-06, 'newtonian_cooling_coeff_k1': 2.639541152707474e-08, 'eps_p': 1.6923189988150473e-10, 'beta': 2.2832669440009544e-11, 'rho_air': 1.225, 'c_e': 0.00125, 'emmisivity': 0.97, 'stefan_boltzman_const': 5.67e-08, 'p_s': 1000, 'es_0': 6.11, 'delta_temp': 1.0, 'f2': 0.05, 'a_cloud_const': 0.6, 'temp_0_c': 273.15, 'f1_bar': 0.39, 'u_bar': 5.0, 'c_bar': 0.6, 'nx': 180, 'ny': 60, 'y_north_lim': 60, 'y_south_lim': '-${atm.y_north_lim}', 'dx': 2.0, 'dy': 2.0}",gcc version 4.8.5 20150623 (Red Hat 4.8.5-44) (GCC) ,True,"{'cd': 0.00225, 'rho_a': 1.225}",nummode_${oc.nummode}_uncoupled_test,True,sdat2,True,test new atmos section,"{'tcom_name': 'tcom', 'tios2cdf_name': 'tios2cdf', 'spin': True, 'diag': True, 'ingrid': True, 'run_through': True}",True,seager19,gcc version 4.8.5 20150623 (Red Hat 4.8.5-44) (GCC) ,,,,,,,,,,,1640.786252616992,
22,[],https://wandb.ai/sdat2/seager19/runs/3v29gwo6,nummode_1_uncoupled_test,finished,2021-05-26T08:59:28,"nummode_1_uncoupled_test
test new atmos section",0.0,,,,1560.0,1622021125.0,"{'nummode': 1, 'boundaries': 'Periodic', 'wind_file': 'tau-ECMWF-clim', 'mask_file': 'om_mask.nc', 'time_test': '2 months', 'time_spin': '2 months', 'time_diag': '2 years', 'time_run2f': '58 years'}","{'k_days': 10, 'efrac': 2.0, 'prcp_land': 1, 'wnspmin': 4, 'r': 0.8, 'h_q': 1800, 'wnsp_min': 4, 'rho_00': 0.3, 'pr_max': 0.0002314814814814815, 'relative_humidity': 0.8, 'number_iterations': 50, 'gravity': 9.8, 'height_tropopause': 15000.0, 'theta_00': 300, 'nbsq': 0.0003, 'radius_earth': 6370000.0, 'sec_in_day': 86400, 'pi': 3.141592653589793, 'omega_2': 0.0001454441043328608, 'latent_heat_vap': 2500000.0, 'cp_air': 1000, 'b_coeff': 0.022805635559392575, 'eps_days': 0.75, 'eps': 1.54320987654321e-05, 'eps_u': '${atm.eps}', 'e_frac': 0.5, 'eps_v': 7.71604938271605e-06, 'newtonian_cooling_coeff_k1': 2.639541152707474e-08, 'eps_p': 1.6923189988150473e-10, 'beta': 2.2832669440009544e-11, 'rho_air': 1.225, 'c_e': 0.00125, 'emmisivity': 0.97, 'stefan_boltzman_const': 5.67e-08, 'p_s': 1000, 'es_0': 6.11, 'delta_temp': 1.0, 'f2': 0.05, 'a_cloud_const': 0.6, 'temp_0_c': 273.15, 'f1_bar': 0.39, 'u_bar': 5.0, 'c_bar': 0.6, 'nx': 180, 'ny': 60, 'y_north_lim': 60, 'y_south_lim': '-${atm.y_north_lim}', 'dx': 2.0, 'dy': 2.0}",gcc version 4.8.5 20150623 (Red Hat 4.8.5-44) (GCC) ,True,"{'cd': 0.00225, 'rho_a': 1.225}",nummode_${oc.nummode}_uncoupled_test,True,sdat2,True,test new atmos section,"{'tcom_name': 'tcom', 'tios2cdf_name': 'tios2cdf', 'spin': True, 'diag': True, 'ingrid': True, 'run_through': True}",True,seager19,gcc version 4.8.5 20150623 (Red Hat 4.8.5-44) (GCC) ,,,,,,,,,,,1225.6663067650225,
